iter	F1	Logloss
0	0.4851365504	0.6801923234
1	0.5623211392	0.6706050798
2	0.5091572957	0.6636415699
3	0.5186585692	0.656677539
4	0.5491071429	0.6513252303
5	0.5657276588	0.6465904549
6	0.5636873357	0.6426799356
7	0.5632560175	0.6398113363
8	0.5585059303	0.6370099667
9	0.5590147958	0.6348335155
10	0.5512792715	0.6330743946
11	0.5522061878	0.6309358057
12	0.549535154	0.6301348185
